label,status,ttfb_ms,total_ms,bytes,php_ms,sql_ms,query_count,http_ms,http_count,cart_calculate_ms
guest_suggest_sku_1,200,8032.09,8038.2,798,7653.53,3689.23,249,0,0,0
guest_suggest_sku_2,200,4581.48,4589.72,798,4391.51,2428.87,249,0,0,0
guest_suggest_sku_3,200,3248.92,3250.22,798,3105.03,1757.45,249,0,0,0
guest_suggest_name_1,200,3228.7,3229.47,4620,3173.86,2273.93,783,0,0,0
guest_suggest_name_2,200,2025.29,2026.01,4461,1979.43,1241.53,784,0,0,0
guest_suggest_name_3,200,1884.77,1886.54,4484,1856.14,1290.73,784,0,0,0
guest_search_results_1,200,2244.01,2245.4,206333,2202.79,1616.51,810,0,0,0
guest_search_results_2,200,2435.24,2442.37,206333,2415.45,1805.6,810,0,0,0
guest_search_results_3,200,2796.44,2801.05,206052,2751.17,1976.8,810,0,0,0
guest_filters_1,200,4950.24,4999.09,211936,4911.57,3389.79,804,0,0,0
guest_filters_2,200,6239.81,6244.6,211936,6147.13,5140.11,804,0,0,0
guest_filters_3,200,3495.09,3509.4,211936,3462.31,2481.87,804,0,0,0
wholesale_suggest_sku_1,200,1696.57,1697.13,798,1665.7,955.02,258,0,0,0
wholesale_suggest_sku_2,200,1744.04,1744.75,798,1722.97,892.42,254,0,0,0
wholesale_suggest_sku_3,200,1708.5,1709.95,798,1691.3,1004.89,254,0,0,0
wholesale_suggest_name_1,200,2404.67,2405.16,4483,2378.97,1522.12,789,0,0,0
wholesale_suggest_name_2,200,2421.84,2423.5,4619,2376.43,1726.54,788,0,0,0
wholesale_suggest_name_3,200,3355.43,3355.98,4677,3283.67,2125.51,791,0,0,0
wholesale_search_results_1,200,4124.49,4135.74,207783,4100.37,2334.2,828,0,0,0
wholesale_search_results_2,200,2209.55,2210.91,208064,2183.78,1517.57,823,0,0,0
wholesale_search_results_3,200,2031.64,2037.38,208064,2004.02,1461.23,823,0,0,0
wholesale_filters_1,200,2953.41,2954.59,213565,2912.09,2292.89,815,0,0,0
wholesale_filters_2,200,3173.2,3178.54,213565,3149.3,2292.4,815,0,0,0
wholesale_filters_3,200,3035.88,3037.76,213565,3004.16,2299.93,815,0,0,0
wholesale_quick_render_1,200,1810.18,1828.28,207229,1779.54,1032.86,258,0,0,0
wholesale_quick_render_2,200,1688.67,1690.47,207229,1667.31,1023.24,258,0,0,0
wholesale_quick_render_3,200,1887.1,1900.42,207229,1860.99,1232.28,258,0,0,0
wholesale_quick_add_1,200,683.98,684.21,35,666.8,56.64,265,0,0,13.54
wholesale_quick_add_2,200,505.12,505.26,35,493.54,27.62,266,0,0,5.1
wholesale_quick_add_3,200,450.79,451.1,35,437.09,23.48,266,0,0,4.37
wholesale_cart_render_1,200,955.05,956.98,301851,938.24,435.75,220,0,0,2.44
wholesale_cart_render_2,200,569.86,570.4,301851,554.79,163.44,220,0,0,2.39
wholesale_cart_render_3,200,581.27,583.57,301851,567.14,163.73,220,0,0,2.39
wholesale_cart_recalculate_1,200,775.29,793.88,301465,765.04,282.33,234,0,0,5.45
wholesale_cart_recalculate_2,200,639.1,644.74,301483,625.71,170.64,234,0,0,7.42
wholesale_cart_recalculate_3,200,692.61,695.19,301465,684.37,153.73,234,0,0,4.73
wholesale_cart_ajax_fixture,200,2399.96,2407.75,304654,2326.51,1094.75,229,0,0,9.02
wholesale_cart_ajax_1,200,875.65,876.26,3362,855.44,61.31,265,0,0,9.59
wholesale_cart_ajax_2,200,531.94,532.1,3362,519.91,28.55,265,0,0,5.7
wholesale_cart_ajax_3,200,474.92,476.01,3362,465.64,26.78,265,0,0,4.37
